title,context
"<selenium.webdriver.remote.webelement.WebElement (session=""72be07d2cc3767525dc94a419e16be47"", element=""f.82DAD21D09DE2F3258E156A3E294C32F.d.732CA04EB67536E1529CD5F9CDD242D7.e.207"")>","매입 서비스에 대한 자세한 내용이 궁금하시거나,판매 상담을 받으시려면 [Home > 차량관리서비스 > 매도&구매지원 > 중고차 > 내차팔기] 메뉴에서'내차 팔기 상담신청' 을 통해 상담신청을 하시면 친절하고 상세하게 안내해 드리겠습니다."
"<selenium.webdriver.remote.webelement.WebElement (session=""72be07d2cc3767525dc94a419e16be47"", element=""f.82DAD21D09DE2F3258E156A3E294C32F.d.732CA04EB67536E1529CD5F9CDD242D7.e.218"")>","포인트는 블루멤버스 사이트 내에서 현금 처럼 사용 하실 수 있으며, 고객님께서 블루핸즈 서비스를 받으실 때도 현금처럼 지불 하실 수 있습니다"
"<selenium.webdriver.remote.webelement.WebElement (session=""72be07d2cc3767525dc94a419e16be47"", element=""f.82DAD21D09DE2F3258E156A3E294C32F.d.732CA04EB67536E1529CD5F9CDD242D7.e.229"")>",매도&구매지원 항목의 친환경 폐차 신청으로 들어가셔서 신청하시는 것이 가장 신속하고 정확합니다. 인터넷 신청이 불편하시면 유선전화 (1544-4113)로 문의하셔서 폐차 신청을 할 수 있습니다.
"<selenium.webdriver.remote.webelement.WebElement (session=""72be07d2cc3767525dc94a419e16be47"", element=""f.82DAD21D09DE2F3258E156A3E294C32F.d.732CA04EB67536E1529CD5F9CDD242D7.e.240"")>","차량 내부와 트렁크를 청결히 하시고, 차량 외관도 깨끗하게 세차 합니다. 이 때, 차량 외관의 작은 상처(기스)는 수리 후에 판매 하시는 것이 좋습니다. 또한 구매 후에 장착하신 옵션 등의 부품은 메이커 순정품일 경우, 가치 평가를 받으 실 때 유리하게 작용합니다. 이밖에 고객님이 차를 보유하시던 중에 특별히 신경써서 관리 하신 부분, 예를 들어 소모품의 정기적 교환, 차계부 정리, 비흡연, 시내 출퇴근용으로만 사용 등의 내 차만의 장점을 말씀해주시면 차량의 가치가 더욱 올라갑니다."
"<selenium.webdriver.remote.webelement.WebElement (session=""72be07d2cc3767525dc94a419e16be47"", element=""f.82DAD21D09DE2F3258E156A3E294C32F.d.732CA04EB67536E1529CD5F9CDD242D7.e.251"")>","유카의 매입 서비스는 중고차의 합리적인 가치 산정에 대한 환금과 최단 소요 시간으로 고객님이 차량을 빠르고 안전하게 처리할 수 있도록 도와드리는 전문 서비스 입니다. 매입 서비스에 대한 자세한 내용이 궁금하시거나, 판매 상담을 받으시려면 [Home > 매도&구매지원 > 중고차 > 내차팔기] 메뉴에서 '내차 팔기 상담신청' 을 통해 상담신청을 하시거나 유카 고객센터인 1588-8289 로 전화주시면 친절하고 상세하게 안내해 드리겠습니다."
"<selenium.webdriver.remote.webelement.WebElement (session=""72be07d2cc3767525dc94a419e16be47"", element=""f.82DAD21D09DE2F3258E156A3E294C32F.d.732CA04EB67536E1529CD5F9CDD242D7.e.262"")>",▶ 자동차 구입시 신용카드를 이용한 결제는 고객님 신용카드 한도내에서 희망하시는 금액     까지 자유로이 결제가 가능합니다.
"<selenium.webdriver.remote.webelement.WebElement (session=""72be07d2cc3767525dc94a419e16be47"", element=""f.82DAD21D09DE2F3258E156A3E294C32F.d.732CA04EB67536E1529CD5F9CDD242D7.e.273"")>","▶ 예, 가능합니다. 신용카드 갯수에 제한없이 결제가 가능합니다."
"<selenium.webdriver.remote.webelement.WebElement (session=""72be07d2cc3767525dc94a419e16be47"", element=""f.82DAD21D09DE2F3258E156A3E294C32F.d.732CA04EB67536E1529CD5F9CDD242D7.e.284"")>","▶ 현대자동차 신차 구입 시 Hyundai Mobility카드를 이용하는 경우차량구매 대금 중 일부를 해당 포인트(20만/30만/50만)만큼 先할인해 드립니다先할인 받으신 금액은 이후 36개월 동안 고객님의 Hyundai Mobility카드 사용실적에 따라 적립되는포인트로 상환하시게 되며, 미상환하신 경우 익월 카드대금 청구 시 전액 청구됩니다.블루 세이브-오토 프로그램은 적용을 원하시는 고객께서 신청하시는 경우에만 적용되고이용기간 중 미상환하신 포인트에 대한 대금청구 시 이자는 부과되지 않습니다."
"<selenium.webdriver.remote.webelement.WebElement (session=""72be07d2cc3767525dc94a419e16be47"", element=""f.82DAD21D09DE2F3258E156A3E294C32F.d.732CA04EB67536E1529CD5F9CDD242D7.e.295"")>","▶ 현행 자동차관련 세금항목은 다음과 같습니다.① 구입단계 : 개별소비세(8인승 이하 승용차限), 교육세(개소세의 30%), 부가가치세② 등록단계 : 등록세,취득세③ 소유단계 : 자동차세(연단위 부여)④ 유류관련 : 교통세, 주행세, 교육세, 부가가치세⑤ 기타 : 공채매입, 환경개선비용부담금(해당자동차限)"
"<selenium.webdriver.remote.webelement.WebElement (session=""72be07d2cc3767525dc94a419e16be47"", element=""f.82DAD21D09DE2F3258E156A3E294C32F.d.732CA04EB67536E1529CD5F9CDD242D7.e.306"")>","▶ 현재 저희 현대자동차에서는 중고차 보상판매 프로그램을 시행하고 있지 않습니다.따라서 현재 보유하고 계신 차량은 고객님께서 직접 처분을 하셔야 합니다.다만, 현대자동차그룹 계열사인 (주)글로비스에서 운영중인 현대/기아자동차 경매장(http://www.autowise.co.kr)을 통해 경매 대행서비스를 시행하고 있사오니 이곳의 이용을추천해 드립니다."
"<selenium.webdriver.remote.webelement.WebElement (session=""72be07d2cc3767525dc94a419e16be47"", element=""f.82DAD21D09DE2F3258E156A3E294C32F.d.732CA04EB67536E1529CD5F9CDD242D7.e.207"")>","의무보험은 차량이 출고센터를 동해 출고되어 임시운행기간동안에만 유효한 보험입니다.이는 임시운행 기간중 발생되는 교통사고 피해자의 피해배상 보장을 위한 자동차 손해배상보장법 개정으로 임시운행허가 차량의 의무보험 가입이 법제화 되었습니다.보상책임기간은 출고일부터 임시운행허가 기간인 10일(기간 만료일 24시까지)동안이고보험료는 차종별 정액보험료가 적용됩니다. (대부분의 경우 1만원 이내)따라서 차량을 구입하신 고객께서는 임시운행허가기간 종료 이전에 1년만기 책임보험,혹은 종합보험에 반드시 가입하셔야 합니다.의무보험은 1회 소멸성 보험으로 임시운행증을 반납하거나 다른 책임보험에가입하시는 경우 자동으로 해지가 됩니다."
"<selenium.webdriver.remote.webelement.WebElement (session=""72be07d2cc3767525dc94a419e16be47"", element=""f.82DAD21D09DE2F3258E156A3E294C32F.d.732CA04EB67536E1529CD5F9CDD242D7.e.218"")>","현대자동차에서는 전국 정식 지점/대리점을 통해서만 차량을 판매하고 있습니다.그 이외의 유통경로(인터넷 등)로는 차량 공급이 되지 않사오니 차량 구입시 주의해주시기바라며 전국 어느곳에서나 같은 제품,같은 가격으로 바른거래를 실천하고 있습니다.참고로, 현대자동차 홈페이지 구매상담 신청을 이용시고객님께서 원하시는 지점,대리점을 선택하여 상담신청을 하시면 현대자동차의 전문영업사원이신속하고 친절하게 차량구매에 관한 모든 궁금증을 해결해 드리겠습니다."
"<selenium.webdriver.remote.webelement.WebElement (session=""72be07d2cc3767525dc94a419e16be47"", element=""f.82DAD21D09DE2F3258E156A3E294C32F.d.732CA04EB67536E1529CD5F9CDD242D7.e.229"")>",불가능합니다.조세특례제한법 제126조 3항 3호에 의거하여 신규로 출고되는 자동차 구입시 사용한 신용카드 금액은 소득공제 대상에서 제외됩니다.(2002년 12월1일 승인분부터 적용)
"<selenium.webdriver.remote.webelement.WebElement (session=""72be07d2cc3767525dc94a419e16be47"", element=""f.82DAD21D09DE2F3258E156A3E294C32F.d.732CA04EB67536E1529CD5F9CDD242D7.e.240"")>",자동차 리스는 고객의 다양한 Needs에 맞는 맞춤형 상품 구입이 가능합니다 자동차 리스도 할부나 현금구매와 동일하게 현대자동차 영업사원에게 문의하시면 됩니다.
"<selenium.webdriver.remote.webelement.WebElement (session=""72be07d2cc3767525dc94a419e16be47"", element=""f.82DAD21D09DE2F3258E156A3E294C32F.d.732CA04EB67536E1529CD5F9CDD242D7.e.251"")>","저희 현대자동차는 신차를 제조하여 판매를 사업영역으로 하는 회사로중고차의 매입 및 판매는 시행하지 않습니다.※ 고객분들의 편리하고 안전한 중고차 거래를 위해 사이트 운영중이니 참고하시기 바랍니다.현대자동차 홈페이지 > 고객서비스 > 차량관리서비스 > 중고차 > 내차팔기 바로가기 ▶단,현대자동차㈜는 통신판매 중개자로서 해당 사이트의 책임은 현대글로비스㈜와 ㈜유카에 있습니다."
"<selenium.webdriver.remote.webelement.WebElement (session=""72be07d2cc3767525dc94a419e16be47"", element=""f.82DAD21D09DE2F3258E156A3E294C32F.d.732CA04EB67536E1529CD5F9CDD242D7.e.262"")>","자동차 리스란, 캐피탈사가 고객이 원하는 자동차를 대신 구매하여 고객에게차량을 임대하여 제공하여 주고 고객은 캐피탈사에 매월 이용료를 납부하는 방식의자동차 금융 상품입니다.고객의 다양한 Needs에 맞는 맞춤형 상품 구성이 가능하며,자동차 리스도 할부나 현금 구매와 동일하게 현대자동차 영업사원에게 문의하시면됩니다."
"<selenium.webdriver.remote.webelement.WebElement (session=""72be07d2cc3767525dc94a419e16be47"", element=""f.82DAD21D09DE2F3258E156A3E294C32F.d.732CA04EB67536E1529CD5F9CDD242D7.e.273"")>","현대자동차 신차구입시 사용하실 수 있는 포인트는,현대카드 M포인트, 현대자동차 제휴포인트(외환, KB 등) 및 각종 이벤트를 통해획득하신포인트 등이 있고 1포인트는 1원으로 환산되어 차량가격 할인을 받으실 수 있습니다.단, BC 카드 포인트는 2003.5.1일부로 제휴 계약 해지로 인하여 신차 구입시 사용하실 수 없습니다.기 적립된 포인트는 BC 카드사로 연락하시면 카드 대금에서 차감 청구가 가능합니다."
"<selenium.webdriver.remote.webelement.WebElement (session=""72be07d2cc3767525dc94a419e16be47"", element=""f.82DAD21D09DE2F3258E156A3E294C32F.d.732CA04EB67536E1529CD5F9CDD242D7.e.284"")>",'14.8월 개인정보 보호법 개정으로 가족카드/가족회원의 포인트 사용이 불가합니다.블루멤버스 포인트 및 현대카드 M포인트 모두 본인 및 공동명의자의 포인트로만차량구입시 사용하실 수 있습니다.
"<selenium.webdriver.remote.webelement.WebElement (session=""72be07d2cc3767525dc94a419e16be47"", element=""f.82DAD21D09DE2F3258E156A3E294C32F.d.732CA04EB67536E1529CD5F9CDD242D7.e.295"")>","지급된 블루멤버스 포인트는 60개월(5년) 간 사용 가능합니다. 유효기간 경과 시, 포인트는 월 단위로 익월 1일 소멸됩니다."
"<selenium.webdriver.remote.webelement.WebElement (session=""72be07d2cc3767525dc94a419e16be47"", element=""f.82DAD21D09DE2F3258E156A3E294C32F.d.732CA04EB67536E1529CD5F9CDD242D7.e.306"")>",세이브오토 프로그램을 신청하셨던 지점/대리점에 철회/해지신청서가 있습니다.신청서를 작성하신 후 해당 지점/대리점에 철회/해지 요청을 하시면 됩니다.
"<selenium.webdriver.remote.webelement.WebElement (session=""72be07d2cc3767525dc94a419e16be47"", element=""f.82DAD21D09DE2F3258E156A3E294C32F.d.732CA04EB67536E1529CD5F9CDD242D7.e.207"")>","▶장애인 조건으로 차량 구입시 혜택은 크게 3가지 입니다.① 차량 개소세 면세② 지방세(취득세, 등록세, 자동차세)면세(서울시 기준)③ 공채매입 면세장애 대상별 면세 내용은 구매 가이드 > 제도 및 규정 > 세금 > 장애인 면세 메뉴에서 확인 가능합니다.자세히보기 >※지방세 면세내용은 각 지방자치단체 조례에 따라 상이하므로 반드시 해당 지방자치단체로문의 및 구입전 확인을 요합니다."
"<selenium.webdriver.remote.webelement.WebElement (session=""72be07d2cc3767525dc94a419e16be47"", element=""f.82DAD21D09DE2F3258E156A3E294C32F.d.732CA04EB67536E1529CD5F9CDD242D7.e.218"")>","고엽제후유증환자 지원에 관한 법률에 적용되는 장애우(友) 고객께서는 2004년 1월 1일이후 출고되는 차량구입시 개소세 면제를 받으실 수 있습니다.고엽제후유증 환자 고객의 LPG차량구입 및 개소세 면제는 경도장애 이상의 경우에 가능하며,국가보훈처에서 발행한 고엽제법 적용 대상 확인원 상에 장애등급이 표기되어 있으면가능합니다."
"<selenium.webdriver.remote.webelement.WebElement (session=""72be07d2cc3767525dc94a419e16be47"", element=""f.82DAD21D09DE2F3258E156A3E294C32F.d.732CA04EB67536E1529CD5F9CDD242D7.e.229"")>","▶ ""광주민주화 유공자 예우에 대한 법률""에 적용되는 장애우(友) 고객께서는 2004년 1월 1일      이후 출고되는 차량구입시 개소세 면제를 받으실 수 있습니다.     광주민주화운동 부상자 LPG차량구입 및 개소세 면제는 장애 1~14급의 경우에 가능하며,     국가보훈처에서 발행한 ""광주민주유공자증"" 상에 장애등급이 표기되어 있으면 가능합니다."
"<selenium.webdriver.remote.webelement.WebElement (session=""72be07d2cc3767525dc94a419e16be47"", element=""f.82DAD21D09DE2F3258E156A3E294C32F.d.732CA04EB67536E1529CD5F9CDD242D7.e.240"")>","LPG 승용자동차를 사용하는 장애인 및 국가상이유공자가 사망할 경우,유가족이 당해차량을 계속 사용이 가능하도록 기존의 사용제한규정(당사자 사망일로부터 1년)이폐지되었습니다.개정법령은 산업자원부령으로 확정, 2003.8.11일부로 공포/시행되었으며,적용대상은 2002.9.30일 이후 LPG 승용자동차를 소유하던 장애인 및 국가상이유공자가사망한 경우로 그 사망당시 당해 차량을 소유한 보호자 또는 상속받은자가 동 차량을계속 운행하는 경우에만 해당됩니다."
"<selenium.webdriver.remote.webelement.WebElement (session=""72be07d2cc3767525dc94a419e16be47"", element=""f.82DAD21D09DE2F3258E156A3E294C32F.d.732CA04EB67536E1529CD5F9CDD242D7.e.251"")>","장애인 조건의 차량구입은 장애인 단독명의, 장애인과 주민등록표상 세대를 함께하는 배우자,직계존비속,형제자매 또는 직계비속의 배우자 공동명의로 구입이 가능합니다.단, 몇가지 조건이 붙는데 장애인 공동명의 조건으로 구입하신 차량은 차량출고후 5년간동일조건(주민등록법상 동일세대)를 유지해야 하고 이 조건이 충족되지 않을때 면세받은 금액을납부하셔야 합니다.또한 재구입연한이 만 5년으로 되어있어 기간내에 동일차량을 계속 보유하셔야 되며, 이또한조건 불충족시 면세받으신 세금을 납부하시게 됩니다."
"<selenium.webdriver.remote.webelement.WebElement (session=""72be07d2cc3767525dc94a419e16be47"", element=""f.82DAD21D09DE2F3258E156A3E294C32F.d.732CA04EB67536E1529CD5F9CDD242D7.e.262"")>",▶ 불가합니다.     장애인조건의 차량구입은 장애인 1인당 1대에 한하여 가능하고 신차 구입후 만 5년후 이후     다시 신차구입이 가능합니다.
"<selenium.webdriver.remote.webelement.WebElement (session=""72be07d2cc3767525dc94a419e16be47"", element=""f.82DAD21D09DE2F3258E156A3E294C32F.d.732CA04EB67536E1529CD5F9CDD242D7.e.273"")>","▶ 세이브오토 및 M포인트는 현대카드사와 공동으로 시행중인 이벤트행사입니다.세이브오토 및 M포인트 사용을 통해 할인받으신 금액은 전액 세금계산서에서 제외되지않고 60%는 현대자동차가, 나머지 40%는 현대카드사에서 지원하고 있습니다.따라서 현대카드사 부담분(40%)은 현대자동차 차량판매에 대한 세금계산서상 할인매출로인식되지 않습니다."
"<selenium.webdriver.remote.webelement.WebElement (session=""72be07d2cc3767525dc94a419e16be47"", element=""f.82DAD21D09DE2F3258E156A3E294C32F.d.732CA04EB67536E1529CD5F9CDD242D7.e.284"")>","▶ 차량구입에 관련된 금액의 결제는 현금, 신용카드 및 할부이용 등의 방법이 있습니다.그 이외 현재 보유차량 매각대금 대체 및 직불카드 등의 이용은 불가합니다."
"<selenium.webdriver.remote.webelement.WebElement (session=""72be07d2cc3767525dc94a419e16be47"", element=""f.82DAD21D09DE2F3258E156A3E294C32F.d.732CA04EB67536E1529CD5F9CDD242D7.e.295"")>","▶ 자동차 구입대금 결제시 본인 이외의 제3자 신용카드를 이용한 결제는 불가능 합니다.2001년 6월 재정경제부와 관련부처의 법률해석 결과, 당사자간의 동의여부를 불문하고구매자 이외의 신용카드를 이용한 거래는 여신전문금융법 제19조에서 <위장매출전표작성행위>에 해당됩니다.따라서 계약자 본인 이외의 제3자 신용카드는 사용하실 수 없습니다."
"<selenium.webdriver.remote.webelement.WebElement (session=""72be07d2cc3767525dc94a419e16be47"", element=""f.82DAD21D09DE2F3258E156A3E294C32F.d.732CA04EB67536E1529CD5F9CDD242D7.e.306"")>","▶ 불가능합니다.할부금은 금전채무로 분리되어 있으며, 여신전문금융업법상 금전채권은 카드로결제할 수 없게 되어있습니다."
차량 구입시 견적에 포함되는 공채매입과 할인의 차이는 무엇인가요?,"차량을 구입하시는 모든 분께서는 반드시 관할지역(광역시 또는 지방)에서 발행하는공채를 의무적으로 구입하시도록 되어있습니다.(도시철도법 시행령 등)이는 지하철이 있는 광역시에서는 지하철 건설에 쓰이는 재원으로 쓰이고 기타 도시에서는도로확충 및 유지보수에 사용되는 재원으로, 각 지방자치단체에서 7년 거치후 원리금을일시에 상환해 드리고 있습니다. 이것이 공채매입 입니다.다만, 7년간의 보유기간 중 분실 등의 위험이 있으므로 원하시는 고객께서는 채권할인전문업체나 증권사에서 7년 동안 예상되는 자치단체의 이자수익을 제외한 금액을채권구입과 동시에 돌려드립니다. 이것을 할인매도라고 합니다.공채할인율은 차량등록일을 기준으로 매일매일 약간씩 변동되오니차량등록전 공채할인율을 확인하시기 바랍니다."
근저당 설정이 되어 있습니다. 어떻게 해야하나요?,"할부금 완납을 하셨다면 해당 관청에서 근저당 말소 신청을 하셔야 합니다.차량에 근저당 설정이 되어 있는 경우 할부금 완납을 하셨어도 자동 해지가 되지 않으므로해당 관청에서 등록원부 갑,을부 서류를 발급받은 후 설정권자가 현대자동차인지 확인하여설정권자가 현대자동차인 경우는 등록원부 갑,을부를 지참하여 가까운 지점 방문후근저당 말소 신청서를 수령 받은 후에 관청에 말소신청 해주시면 됩니다.※설정권자가 현대캐피탈인 경우 1588-2114로 문의해 주시기 바랍니다."
세금계산서 발급받으려고 하는데 어떻게 해야하나요?,▶ 개인사업자 및 법인사업자 구입고객2010년 7월 1일부터 세금계산서가 서면이 아닌 전자 세금계산서로 발행이 됩니다.사이트: http://e-vat.hyundai.com 에서 발급받으시면 됩니다.▶ 개인 구입고객2011년 4월11일부터 차량구입하신 지점(대리점)에서 영수증이 발행됩니다.※재발행은 차량구입하신 지점(대리점)으로 문의해 주시기 바랍니다.
차량계약 후 예상납기일에 대해 알 수 있나요?,계약하신 지점(대리점)에서 확인 가능합니다.
차량계약 후 해지 시 계약금은 환불 받을수 있습니까?,"차량 출고전 해지요청시에는 계약금 환불이 가능하며,자세한 사항은 계약하신 지점(대리점)에 문의 바랍니다."
차량구입시 장착되는 타이어는 선택이 가능한가요?,당사에서 생산되는 차량은 타이어 제조사別 임의 선택은 불가합니다.
"<selenium.webdriver.remote.webelement.WebElement (session=""72be07d2cc3767525dc94a419e16be47"", element=""f.82DAD21D09DE2F3258E156A3E294C32F.d.732CA04EB67536E1529CD5F9CDD242D7.e.207"")>","재생 중에는 끄지 말아 주시고, 수동재생 탈출 후엔 바로 시동을 꺼도 됩니다.배기정화장치 DPF 내부 이상 고온 현상으로 DPF 및 엔진이 손상될 수 있습니다"
"<selenium.webdriver.remote.webelement.WebElement (session=""72be07d2cc3767525dc94a419e16be47"", element=""f.82DAD21D09DE2F3258E156A3E294C32F.d.732CA04EB67536E1529CD5F9CDD242D7.e.218"")>","엔진 출력이 급격히 떨어지고 노킹 현상 Knocking, 엔진의 연료실 벽을 작은 망치로 두드리는 듯한 소리가 나는 현상이 지속적으로 발생하면 엔진의 오버히트를 의심해 봐야 합니다.오버히트는 냉각수가 부족하거나 샐 경우, 워터펌프 구동벨트가 끊어진 경우, 냉각팬이 돌지 않을 경우 등 여러 가지 원인으로 인해 엔진이 과열돼 증기가 끓어오르는 현상입니다.이때는 계기판에 있는 냉각수 온도 게이지가 적색 눈금 H을 가리키게 됩니다.겨울철에는 냉각수에 부동액이 들어있지 않거나 엔진 내부가 동결되어 냉각수가 순환하지 못할 때에도 동일한 현상이 발생합니다.주행 중 엔진이 과열돼 오버히트 현상이 발생했을 때는 당황하지 말고 비상경고등을 켠 채 가능한 빨리 도로 옆 안전한 곳에 차를 세웁니다.이때 시동을 바로 끄면 엔진이 고착되기 때문에 변속 레버를 중립에 놓고 약 2 ~ 3분간 시동을 그대로 켜놓은 상태에서 엔진 실내에 통풍이 잘 되도록 후드를 열어 놓고, 냉각수 온도 게이지가 정상 C에 가까워질 때까지 엔진을 냉각시킵니다.후드를 열 때는 뜨거운 수증기나 물이 뿜어져 나오거나 후드 자체가 뜨거울 수 있으므로 주의해야 합니다.공회전 상태에서도 냉각수 온도 게이지가 떨어지지 않으면 시동을 끄고 자연적으로 엔진을 냉각시킵니다.만약 냉각수가 차 밑으로 흘러넘치거나 수증기가 후드 위로 새 나올 경우에는 엔진을 정지시키고 차량을 견인해 정비공장에 입고 후 누수 부위를 점검하고 정비를 받아야 합니다."
"<selenium.webdriver.remote.webelement.WebElement (session=""72be07d2cc3767525dc94a419e16be47"", element=""f.82DAD21D09DE2F3258E156A3E294C32F.d.732CA04EB67536E1529CD5F9CDD242D7.e.229"")>","주행 중 시동이 꺼져 당황하신 적이 있을 것입니다.시동 꺼짐 현상은 보통 연료계통과 점화계통, 엔진 전자제어계통 등에 이상이 있을 경우 발생합니다.전자제어 가솔린 엔진의 경우 연료 펌프와 연료 필터 막힘, 인젝터·점화 코일·컴퓨터 ECU 고장, 엔진 관련 센서 이상, 엔진 관련 휴즈 단선, 엔진 배선 합선 등이 원인이 될 수 있습니다.LPG를 사용하는 엔진의 경우에는 연료계통 부품 종류가 다를 뿐 가솔린 엔진과 큰 차이는 없으나 베이퍼라이져, 믹서 등의 고장으로 인해서도 시동 꺼짐 현상이 발생할 수 있습니다.디젤 연료를 사용하는 엔진은 기계식과 전자제어식 커먼레일 엔진으로 구분할 수 있는데, 기계식인 경우는 연료 필터 막힘, 연료계통 공기 유입, 인젝션 펌프 고장으로 인해 시동 꺼짐이 발생할 수 있고, 전자제어식인 경우 엔진 관련 센서, 연료 필터 막힘, 연료에 이물질 유입, 커먼레일시스템고압 펌프·레일 압력 센서·인젝터 등, 엔진 관련 휴즈 단선, 배선합선, ECU 고장 등으로 인해서도시동 꺼짐이 발생할 수 있습니다.시동 꺼짐 현상은 운전자의 안전과 직결되는 것이므로 고장 발생 시 정비업체를 필히 방문하여 점검 및 정비를 받아야 합니다.또한 정기적으로 차량 점검을 받아 이상이 없는지 체크를 해주는 것도 시동 꺼짐 현상을 예방할 수 있는 방법입니다."
"<selenium.webdriver.remote.webelement.WebElement (session=""72be07d2cc3767525dc94a419e16be47"", element=""f.82DAD21D09DE2F3258E156A3E294C32F.d.732CA04EB67536E1529CD5F9CDD242D7.e.240"")>","수트게이지가 5칸에 도달 후, 잠시 후 자동재생 실시됩니다.F/G : 엔진 게이지가 1~5칸에 있더라도 주행거리[버스 400km or트럭 700km]에 도달할 경우에도 재생됩니다"
"<selenium.webdriver.remote.webelement.WebElement (session=""72be07d2cc3767525dc94a419e16be47"", element=""f.82DAD21D09DE2F3258E156A3E294C32F.d.732CA04EB67536E1529CD5F9CDD242D7.e.251"")>","주/정차 및 신호대기 시 IDLE UP되며 재생은 하지 않고, 일정시간 이상 유지 시 재생을 탈출하며, 재주행시 재생 돌입조건에 해당되면 자동재생 됩니다."
"<selenium.webdriver.remote.webelement.WebElement (session=""72be07d2cc3767525dc94a419e16be47"", element=""f.82DAD21D09DE2F3258E156A3E294C32F.d.732CA04EB67536E1529CD5F9CDD242D7.e.262"")>","DPF 이상고온에 따른 파손 방지 목적으로 재생 중 아이들 RPM은 상향조정됩니다.F엔진 900, G엔진 1000, H/L엔진 800"
"<selenium.webdriver.remote.webelement.WebElement (session=""72be07d2cc3767525dc94a419e16be47"", element=""f.82DAD21D09DE2F3258E156A3E294C32F.d.732CA04EB67536E1529CD5F9CDD242D7.e.1171"")>","차량을 멈추고, 시동을 꺼도 됩니다.단, 녹색 재생 등이 소거된 후 (약 2분간 소요), 시동 끄시기를 권장합니다. (DPF 이상고온에 따른 파손 방지)"
"<selenium.webdriver.remote.webelement.WebElement (session=""72be07d2cc3767525dc94a419e16be47"", element=""f.82DAD21D09DE2F3258E156A3E294C32F.d.732CA04EB67536E1529CD5F9CDD242D7.e.1160"")>","엔진이 충분히 웜업 되고,차속이 10km/h↑에서 자동재생 됩니다.F/G : 냉각수 65℃↑, H/LDOC 후단센서 200℃↑, 냉각수60℃↑"
"<selenium.webdriver.remote.webelement.WebElement (session=""72be07d2cc3767525dc94a419e16be47"", element=""f.82DAD21D09DE2F3258E156A3E294C32F.d.732CA04EB67536E1529CD5F9CDD242D7.e.1149"")>","① 검댕이게이지가 6~8칸에서 황색 수동재생 경고등 점등 시, 진행하시면 됩니다.9칸 이상에서는 서비스센터 조치 필요② 고객이 수동재생을 원할 경우 1~8칸까지 검댕이게이지와 무관하게 돌입 가능합니다."
"<selenium.webdriver.remote.webelement.WebElement (session=""72be07d2cc3767525dc94a419e16be47"", element=""f.82DAD21D09DE2F3258E156A3E294C32F.d.732CA04EB67536E1529CD5F9CDD242D7.e.1138"")>","수동재생 시, 배기정화장치 주변 부가 매우 고온이므로 화재 및 안전사고가 발생할 수 있으므로 인화성 물질이 없는 개방된 공간에서 수동재생을 권장합니다. (배기가스 신체노출 삼가)"
"<selenium.webdriver.remote.webelement.WebElement (session=""72be07d2cc3767525dc94a419e16be47"", element=""f.82DAD21D09DE2F3258E156A3E294C32F.d.732CA04EB67536E1529CD5F9CDD242D7.e.207"")>","문제없습니다.검댕이 게이지가 1~2칸 정도 남아 있을 수 있지만, 수동재생이 30분 정도 진행 후 정상적으로 종료되었다면 상당량의 검댕이가 제거된 상태이므로 안심하셔도 됩니다. (게이지 변화 없을 시 재실시 필요)"
"<selenium.webdriver.remote.webelement.WebElement (session=""72be07d2cc3767525dc94a419e16be47"", element=""f.82DAD21D09DE2F3258E156A3E294C32F.d.732CA04EB67536E1529CD5F9CDD242D7.e.218"")>","충분한 엔진 웜업수온게이지 중앙위치, 차량 정차 상태파킹브레이크 체결, 기어중립+수동재생버튼을 3초 이상 누르면 수동재생 시작됩니다."
"<selenium.webdriver.remote.webelement.WebElement (session=""72be07d2cc3767525dc94a419e16be47"", element=""f.82DAD21D09DE2F3258E156A3E294C32F.d.732CA04EB67536E1529CD5F9CDD242D7.e.229"")>",엑시언트 덤프 차량 판스프링 보증기간을 아래와 같이 알려드리오니 참고하시기 바랍니다.- 판스프링 센터부프론트/리어 18개월 거리 무관- 판스프링 끝단부프론트 2년거리 무관 적용시점 18년 3월 19일 이후 출고차량
"<selenium.webdriver.remote.webelement.WebElement (session=""72be07d2cc3767525dc94a419e16be47"", element=""f.82DAD21D09DE2F3258E156A3E294C32F.d.732CA04EB67536E1529CD5F9CDD242D7.e.240"")>",현재 특장 어퍼바디 작업 관련한 기술지원을 위해 상용 특장 웹사이트을 운영하고 있습니다https://bbm.hyundai.com/login/index.do위 웹사이트에 접속하셔서 회원가입을 하시면 바디빌더 매뉴얼 / 바디빌더 드로윙 / 프레임천공도 / 기술통신 / 인증자료 등 열람하실 수 있고 Q&A 게시판을 통해 기타 문의 사항에 대해 답변받으실 수 있습니다.
"<selenium.webdriver.remote.webelement.WebElement (session=""72be07d2cc3767525dc94a419e16be47"", element=""f.82DAD21D09DE2F3258E156A3E294C32F.d.732CA04EB67536E1529CD5F9CDD242D7.e.251"")>",블루멤버스 실 운행자 등록을 통해 내 차를 등록하실 수 있습니다.
"<selenium.webdriver.remote.webelement.WebElement (session=""72be07d2cc3767525dc94a419e16be47"", element=""f.82DAD21D09DE2F3258E156A3E294C32F.d.732CA04EB67536E1529CD5F9CDD242D7.e.262"")>",마이페이지의 정비예약신청내역에서 확인 및 취소가 가능합니다.
"<selenium.webdriver.remote.webelement.WebElement (session=""72be07d2cc3767525dc94a419e16be47"", element=""f.82DAD21D09DE2F3258E156A3E294C32F.d.732CA04EB67536E1529CD5F9CDD242D7.e.1171"")>","하이테크센터와 서비스협력사로 구분되어 있습니다.하이테크센터는 저희 현대자동차에서 직영으로 운영하는 정비거점이고서비스협력사는 현대자동차와 협정을 체결후 규정에 의거 당사 고객에게 정비서비스를 제공하는 거점이며,서비스협력사는 다시 종합블루핸즈와 전문블루핸즈로 나누어 집니다.종합블루핸즈란 국가에서 자동차 종합정비업 및 소형정비업으로 등록된 정비업소이며,전문블루핸즈란 국가에서 자동차 부분정비업으로 인가된 정비업소 입니다."
"<selenium.webdriver.remote.webelement.WebElement (session=""72be07d2cc3767525dc94a419e16be47"", element=""f.82DAD21D09DE2F3258E156A3E294C32F.d.732CA04EB67536E1529CD5F9CDD242D7.e.1160"")>","많은 분들이 연비에 대해 질문을 하십니다.질문의 유형은 대략 두 가지 정도로 요약할 수 있습니다.첫 번째는 차량에 부착되어 있는 연비 표시 스티커상의 연비와 실주행시의 연비가 틀린 경우,두 번째는 종전보다 연료가 짧은 시간에 과다 소비될 때입니다.첫 번째 질문에 대한 답변은 연비의 정의나 측정방법에 대해 정확히 알지 못해 제기될 수 있는질문입니다.현재 국내에서 실시되고 있는 연비 측정방법은 0K모드(주행거리 160km이내의 차량을 가지고 테스트)로사용할 운전자가 체감하는 성능과 제원표상 제원과 오차를 최대한 줄이기 위해 정밀 측정되고 있습니다.하지만 운전자가 운행하는 구간의 교통흐름과 도로 상태, 운전 방법, 차량 적재물의 무게, 차량 상태 등연비에 영향을 끼칠 수 있는 요인에 따라 실제 표시연비와는 차이가 날 수 있습니다.두 번째는 차량의 상태와 밀접한 연관이 있습니다.현재의 운행되는 대부분의 차량들은 연료 분사량을 일정하게 유지시켜주기 위해 전자제어를 사용하고있는데, 이 연료 분사량을 결정하는 센서의 고장, 또는 엔진내부의 청결함이 떨어질 때,소모품(엔진오일 · 점화플러그 · 점화케이블 · 배전기캡 · 로터 등)을 제때 교환하자 않았을 경우에도연비가 나빠질 수 있습니다. 즉, 연료가 비정상적으로 과다 소모되는 것이지요.이런 경우 정비업체를 방문해 전문 진단장비를 사용, 엔진 상태를 점검 받아 보는 것이 좋습니다."
"<selenium.webdriver.remote.webelement.WebElement (session=""72be07d2cc3767525dc94a419e16be47"", element=""f.82DAD21D09DE2F3258E156A3E294C32F.d.732CA04EB67536E1529CD5F9CDD242D7.e.1149"")>",현대자동차 홈페이지 주요 메뉴중 [서비스네트워크 검색/예약] 를 접속하셔서 예약을 클릭하시면 됩니다고객님의 이력을 관리하기 위하여 회원로그인을 한 후 신청을 할 수 있도록 하였습니다.정비예약 안내멘트에 따라 해당항목을 클릭하셔서 현재일로 부터 2주 후까지 신청하실 수 있습니다.※ 현대자동차홈페이지 > 고객서비스 > 서비스네트워크 > 서비스네트워크 검색/예약 참조 ▶바로가기
"<selenium.webdriver.remote.webelement.WebElement (session=""72be07d2cc3767525dc94a419e16be47"", element=""f.82DAD21D09DE2F3258E156A3E294C32F.d.732CA04EB67536E1529CD5F9CDD242D7.e.1138"")>","템퍼러리 타이어는 풀사이즈 타이어 대비 중량이 약 3~5kg 이상 감소되어 연비 효율성이 높으며,작은 부피로 트렁크의 공간 활용도가 향상되는 장점이 있습니다.이와같은 이유로 전세계 자동차 제조사에서 템퍼러리 타이어를 공통적으로 적용하고 있는 추세입니다.템퍼러리 타이어는 외관 상 일반 타이어보다 작아보이지만, 경도(단단하기)가 높아 주행중 심각한장애가 없는 범위에서 타이어의 동반경(주행중 타이어 사이즈) 차이가 최소화 되도록 개발 되었습니다.또한 주행 안정성을 위하여 제동시 쏠림, ABS 센서 오작동 등 템퍼러리의 안전성 검증 후적용되었습니다.다만, 주행중 타이어 펑크 등 비상 상황에서 템퍼러리 타이어로 장착 후 시속 80km를 유지한다면템퍼러리 타이어는 실용적이며 안전하게 사용할 수 있습니다."
"<selenium.webdriver.remote.webelement.WebElement (session=""72be07d2cc3767525dc94a419e16be47"", element=""f.82DAD21D09DE2F3258E156A3E294C32F.d.732CA04EB67536E1529CD5F9CDD242D7.e.207"")>","리콜을 잘못 정의하여 제품에 문제가 생겼을 경우 제품 자체를 교환해주는 것으로 알고 있거나,어떤 고장이든 리콜 해야 한다고 생각하는 경우가 종종 있습니다. 이는 자동차회사에서 자체적으로제품 성능을 높이기 위하여 실시하고 있는 서비스 활동을 리콜이라고 오해해서 발생되는 상황입니다.리콜(Recall)은 사전적 의미로 불량 제품의 회수를 뜻하며 다른 용어로는 """"call back"""" 이라고도 합니다.자동차 회사에서는 제품에서 """"안전에 관련된 문제"""" 가 확인되었을 경우 언론기관에 발표를 하고대상고객에게 반드시 고객통지문을 발송, 불량의 원인이 되는 부품을 100% 수거해 점검하고문제되는 부분에 대해 개선된 부품으로 교환 · 수리하는 것을 리콜로 정의하고 있습니다.이 정의에 따르면 자동차에서 소음이 생기는 경우는 안전과 관련된 부분이 아니기 때문에 리콜은받을 수 없습니다. 하지만 소비자의 만족도를 높이기 위하여 차후에 개선된 부품을 무상으로교체해드리거나, 보증수리를 통해 문제를 해결합니다.리콜은 소비자의 재산과 생명을 보호하며 동시에 기업의 신뢰성, 성실성을 가늠할 수 있는 잣대입니다.기업은 소비자에게 피해가 발생하지 않도록 제품의 제작, 생산, 판매뿐 아니라 리콜, 보증수리를해주며 끝까지 최선을 다해야 할 것입니다."
"<selenium.webdriver.remote.webelement.WebElement (session=""72be07d2cc3767525dc94a419e16be47"", element=""f.82DAD21D09DE2F3258E156A3E294C32F.d.732CA04EB67536E1529CD5F9CDD242D7.e.218"")>","에어백은 모든 충돌시에 무조건 작동되는 것은 아닙니다.사소한 충돌에도 에어백이 펼쳐지면, 이를 다시 장착하는 데에 많은 시간과 경제력이 소비되기 때문에정확한 조건하에서만 작동 되도록 설계되어 있습니다. 충돌방향, 충돌부위, 충돌정도가 작동조건에서벗어나 있으면 에어백은 작동하지 않습니다.정면 에어백 :정면 에어백(운전석 및 동승석[사양 적용시] 에어백)은 일반적으로 차량 정면, 가운데를 중심으로 약간 왼쪽부터약간 오른쪽까지 충격이 있을 때, 정면 충돌 센서에 충격이 전달되면 충돌의 세기, 차량의 속도 또는 충돌 각도에따라 에어백 제어 모듈에서 판단하여 작동되어 집니다.측면 에어백 :측면 에어백(사이드 및 커튼 에어백)은 측면 충돌 시, 측면 충돌 센서에 충격이 전달될 때 충돌의 세기, 차량의 속도또는 충돌 각도에 따라 에어백 제어 모듈에서 판단하여 작동되어집니다."
"<selenium.webdriver.remote.webelement.WebElement (session=""72be07d2cc3767525dc94a419e16be47"", element=""f.82DAD21D09DE2F3258E156A3E294C32F.d.732CA04EB67536E1529CD5F9CDD242D7.e.229"")>","에어백의 역할은 치명적인 사고로부터 운전자와 탑승자를 좀더 안전하게 보호하는 것입니다.하지만 갑작스런 팽창시에는 가벼운 찰과상 등을 입을 수도 있습니다. 또한 정상 체중의 성인을기준으로 개발됐고 충격시 작동시간도 0.05초 정도밖에 되지 않기 때문에 간혹 작은 체구의 여성이나어린이에게 뜻밖의 충격을 입힐 수도 있습니다.따라서 조수석에 에어백이 설치된 차량에는 어린이나 작은 체구의 여성을 태우는 일은 삼가는 것이좋습니다. 이외에도 에어백을 좀더 안전하게 이용하기 위해 지켜야 할 일반적인 주의사항이있습니다.운전대에 너무 가깝게 다가선 자세로 운전한다거나 에어백이 장착된 공간 위에 손이나 발, 물건 등을올려놓는 것은 피해야 합니다. 만일의 경우 손과 발에 의한 충격으로 에어백이 터질 수 있고, 에어백이작동될 때 올려놓은 물건에 의해 부상을 당할 수 있기 때문입니다. 그리고 """"안전벨트의 작용을 보조하여충돌 시에 탑승자의 충격을 경감시키는 것""""이라는 에어백의 원래 의미를 생각해 볼 때 무엇보다안전벨트를 착용하는 것이 에어백의 효과를 높이는 지름길일 것입니다.에어백을 장착한 차량은 그만큼 더 안전하다는 것을 의미하지만 사고시 100% 안전을 보장하는 것은아닙니다. 에어백은 어디까지나 안전 보조기구입니다. 따라서 무엇보다 중요한 것은 사고가 나기 전에운전자 자신이 안전운행을 하려는 노력을 기울이는 것입니다."
"<selenium.webdriver.remote.webelement.WebElement (session=""72be07d2cc3767525dc94a419e16be47"", element=""f.82DAD21D09DE2F3258E156A3E294C32F.d.732CA04EB67536E1529CD5F9CDD242D7.e.240"")>","에어컨 바람은 정상적으로 나오지만 냉방이 안 되는 경우에는 우선 바람의 온도가 어느 정도인지손으로 체크해 봅니다. 시원하지 않거나 더운 기운이 느껴지면 에어컨의 냉매가 부족해 찬 공기를내뿜지 못하는 상태입니다.에어컨 냉매는 소모되는 것이 아닙니다. 따라서 신차 출고 이후 3년 이내에 충격이나 사고가 없었는데이와같은 현상이 발생하면 차에 이상이 있는 것이니 정비공장을 방문하여 검사를 받아 보는 것이좋습니다. 정비공장에 입고하여 에어컨 냉매압 시험이나 형광물 투입법, 냉매 누출 센서기를 이용하여냉매 누출 여부를 확인하고 냉매를 채워주어야 합니다.위와 같이 냉매가 눈에 띄게 줄어들지는 않았더라도 에어컨 시스템에는 숨구멍이라는 것이 있어미세량이 빠져 나갈 수 있기 때문에 예방점검 차원에서 2~3년 주기로 냉매량을 점검해 주어야 합니다.또 여름철만 되면 냉매를 교환해야 되는 것으로 아는 운전자들이 많은데, 이는 잘못된 상식입니다.본격적인 여름철이 되기 전에 냉매의 누출 여부를 확인한 뒤 부족분만 채우면 됩니다.에어컨 관리를 잘 할수록 쾌적하고 시원한 여름을 보낼 수 있다는 것을 잊지 말아야 하겠습니다."
"<selenium.webdriver.remote.webelement.WebElement (session=""72be07d2cc3767525dc94a419e16be47"", element=""f.82DAD21D09DE2F3258E156A3E294C32F.d.732CA04EB67536E1529CD5F9CDD242D7.e.251"")>","오랜만에 켠 에어컨에서 냄새가 나는 것은 바람이 방출되는 에어컨 내부 청소를 제대로 하지 않아,남아있던 수분과 먼지가 곰팡이 균으로 변했기 때문입니다.에어컨을 자주 사용하더라도 대부분 단순히 스위치 조작으로 작동시키는 것에만 신경을 쓸 뿐내부 청소에는 소홀하기 마련입니다.그렇다고 청소를 하려고 인스트루먼트 판넬(크러쉬패드)을 모두 떼거나 정비소를 방문해 청소하기는번거롭기만 합니다. 그래서 많이 사용하는 것이 스프레이 형식의 보조용품입니다.하지만 냄새 제거 효과가 오래 유지되지는 않습니다.더 큰 효과를 보려면 냄새의 원인인 차량 내부의 수분과 먼지가 차량 외부로 방출될 수 있도록환기를 시켜주어야 합니다. 에어컨을 환기시킬 때에는 차문을 전부 열고 히터 위치에서 송풍을고단에 놓는 것이 좋습니다. 이렇게 하면 쌓여 있던 먼지가 밖으로 방출이 되고,바람이 나오는방출구 내부가 마르면서 냄새가 제거됩니다.또 항균 필터(에어컨 필터)가 장착되어 있는 차량은 항균 필터 상태를 확인하고 자주 교환해 주는 것이좋습니다. 교환 주기는 주변의 대기환경 오염 정도에 따라 다르지만 평균 10,000～20,000km사이에교환해 주는 것이 좋습니다.★올바른 에어컨 사용요령 안내★①에어컨 스위치를 항상 켜놓지 맙시다.☞에어컨 스위치를 켜둔 상태에서 차 시동을 걸 경우, 에어컨 컴프레셔(압축기)를 함께 작동시키는과정에서 부하가 발생되고, 시동모터와 배터리에도 무리를 줄 수 있으므로 시동 후나 신호대기시켜는 것이 좋습니다.②목적지 도착 3분 전에 에어컨을 끄십시오.☞에어컨을 끌 때는 목적지 도착 2~3분 전에 미리 끄는 게 좋습니다.에어컨을 사용하면 외부와의 기온 차 때문에 에어컨 에바퍼레이터(증발기)에 응축수가 생깁니다.목적지 도착 2~3분 전에 에어컨 스위치를 끈채 바람만 나오게하면 공기통로에 남아있는 수분을건조시켜 곰팡이가 증식하는 것을 방지할 수 있습니다.그렇지 않으면 응축수가 먼지와 엉겨 곰팡이가 증식하게 되고 냄새를 유발하는 원인이 됩니다.아울러 에어컨을 꺼도 한동안 시원한 상태가 유지돼 조금이라도 연료를 아끼는 효과도 있습니다."
"<selenium.webdriver.remote.webelement.WebElement (session=""72be07d2cc3767525dc94a419e16be47"", element=""f.82DAD21D09DE2F3258E156A3E294C32F.d.732CA04EB67536E1529CD5F9CDD242D7.e.262"")>","겨울철 차량 창문 안쪽 김서림으로 바깥이 보이지 않아 운전하는 데 장애가 된 적이 많으실 겁니다.아무리 닦고 닦아도 사라지지 않아 짜증을 낳는 김서림. 김서림은 대기 중에 포함되어 있는 수분과온도 때문에 생기는 현상입니다. 대기 중 수분은 찬 곳으로 이동해 열을 뺏으려는 성질이 있는데,차량 내부의 수분이 차가운 차창 주위 에 몰려 김이 서리게 되는 것입니다.특히, 겨울철에는 창문을 꼭 닫아 둔 채 오랜 시간 운행하는 경우가 많아 운전자와 탑승자의 호흡으로배출된 습기가 차 안의 습도를 더욱 높이게 됩니다.이러한 김서림을 없애기 위해선 차량 내부 온도와 바깥 온도를 같도록 유지시켜 주는 것이 가장 좋은방법입니다. 차장을 열고 신선한 공기를 유입시켜 안팎 온도를 순간적으로 맞춰 주면 금방 없어집니다.제습 기능을 하는 에어컨을 작동시켜 강제로 습기를 없애는 것도 좋은 방법입니다.현재 생산되는 차량들은 풍향을 창문이나 창문과 발 아래쪽으로 조정할 때 자동으로 에어컨이작동하도록 되어 있는데, 2000년 이전에 생산된 차량들은 에어컨을 수동으로 켜야 하기에 여러 번스위치나 컨트롤러를 작동해야 하므로 불편할 수 있습니다.이러한 불편함을 없애기 위해서는 김서림이 생기지 않도록 미리 예방하는 것이 가장 좋은 방법일 것입니다. 평소 차량 실내가 눅눅해지지 않도록 히터를 사용해 적정한 습도를 유지해 주는 것이중요하며 시중에 판매되고 있는 김서림 방지제를 이용하는 것도 한 방법입니다."
"<selenium.webdriver.remote.webelement.WebElement (session=""72be07d2cc3767525dc94a419e16be47"", element=""f.82DAD21D09DE2F3258E156A3E294C32F.d.732CA04EB67536E1529CD5F9CDD242D7.e.1171"")>","HOLD는 ‘잠근다’라는 표현이 적절한 것 같습니다.눈길이나 빙판길에서는 스노우 체인을 써서 출발하거나 주행하는 것이 큰 도움이 되겠지만스노우 체인을 당장 감고 운행할 수 없을 때는 회전력이 큰 1단 기어보다 2단 기어로 출발하는 것이타이어의 슬립을 줄여 출발을 쉽게 합니다.자동변속기는 모든 출발이 1단이고 사용자의 마음대로 변속을 할 수 없으므로 HOLD를 사용하면D상태에서 2단으로 출발하므로 운행을 쉽게 합니다. 또한 2, 1(L) 변속 레버를 변경시 HOLD를작동시키면 기어를 고정시켜 주는 구실을 합니다.O/D OFF는 ‘over drive off’ 즉 ‘높은 단수를 제어한다’는 의미입니다.D레인지 상태에서 언덕길 주행이나 급가속이 필요한 경우 O/D OFF를 쓰게 되면 4단으로 주행하던 것을 3단으로 내려 주행시키고 4단으로는 변속이 되지 않게 하는 구실을 합니다.간혹 D레인지 상태에서 언덕길을 주행하다 보면 60km이상에서 엔진에 힘이 떨어지고 가속 페달을 깊게밟아도 차량이 탄력을 받지 않는 것을 경험하셨을 것입니다. 수동변속기 차량이라면 운전자가 직접변속을 제어할 수 있지만 자동변속기 차량은 컴퓨터의 신호에 따라 변속이 되므로 적절한 변속을이룰 수 없는 경우가 있기에 O/D OFF를 쓰면 운행이 쉬워집니다.또한 HOLD의 기능과 같이 2(2단 출발 2단 주행), 1(L:1단 출발, 1단 주행)에서 기어를 고정시켜 주는일을 합니다. 자동변속기 차량을 잘 알고 쓰면 수동변속기보다 더 편하고 경제성 있게 운행할 수있음을 잊지 말아야 합니다."
"<selenium.webdriver.remote.webelement.WebElement (session=""72be07d2cc3767525dc94a419e16be47"", element=""f.82DAD21D09DE2F3258E156A3E294C32F.d.732CA04EB67536E1529CD5F9CDD242D7.e.1160"")>","블루투스 휴대폰 등록(AVN)1. 스티어링 리모트 컨트롤의 “통화”버튼 또는 헤드유닛의 “PHONE” 버튼을 누릅니다.2. ”신규기기 검색” 메시지 창이 표시되면, “예”버튼을 선택 합니다.3. 폰 신규 검색창이 표시되면, 주변에 있는 블루투스 휴대폰을 검색합니다.4. 검색목록 화면에서 연결을 원하는 리스트를 선택합니다. 만약 검색결과가 표시되지 않으면 “재검색”버튼을 누릅니다.5. 블루투스 휴대폰에서 인증번호를 입력한 후 블루투스 휴대폰의 “확인”버튼을 누르면 헤드유닛과 연결됩니다.6. 인증번호 입력이 되지 않거나 등록에 실패할 경우 “재시도” 메시지 창이 표시됩니다. “예” 버튼을 선택하여 등록을 재시도 합니다.블루투스 휴대폰 등록1. “SETUP” 키를 누르십시오.2. “PHONE” 메뉴를 선택하십시오.3. “PAIR”를 선택하십시오.4. 폰의 이름을 말씀하십시오. (예: 홍길동, 현대/기아 자동차 등)5. 블루투스 등록 모드 화면으로 변경되며 이전 연결된 폰은 연결 해제됩니다.6. 블루투스 휴대폰을 이용하여 핸즈프리 기기를 검색 하십시오.※ 블루트스 등록방법은 휴대폰 제조사 마다 상이하므로 휴대폰 설명서를 참조하십시오.7. 블루투스 휴대폰에 비밀번호 요구 시 블루투스 등록 모드에 표시된 인증번호(“0000”)를 입력하십시오.8. 등록과정이 종료되면 “등록이 완료 되었습니다.” 또는 “등록이 실패하였습니다.”라고 음성안내를 합니다.※ 현대자동차 홈폐이지 > 고객서비스 > 차량 관리 서비스 > 스마트기기 연계 서비스 > 블루투스 호환 안내 바로가기 ▶"
"<selenium.webdriver.remote.webelement.WebElement (session=""72be07d2cc3767525dc94a419e16be47"", element=""f.82DAD21D09DE2F3258E156A3E294C32F.d.732CA04EB67536E1529CD5F9CDD242D7.e.1149"")>",취급설명서 8장 차량 제원편 확인 바랍니다.상세하게 수록되었습니다.※ 현대자동차 홈폐이지 > 하단 '자료실' 에서 차종별 취급설명서 검색 ▶바로가기
"<selenium.webdriver.remote.webelement.WebElement (session=""72be07d2cc3767525dc94a419e16be47"", element=""f.82DAD21D09DE2F3258E156A3E294C32F.d.732CA04EB67536E1529CD5F9CDD242D7.e.1138"")>",요즘 대부분 차량에서는 반영구적인 타이밍 체인을 사용하고 있습니다.고객님 차량에 타이밍벨트가 적용될 경우 취급설명서 7장 정기점검편에 점검주기가 수록되어 있습니다.취급설명서를 확인 하십시오.※ 현대자동차 홈폐이지 > 하단 '자료실' 에서 차종별 취급설명서 검색 바로가기 ▶
여름철에 세차시 헤드램프에 습기가 차요!,"세차장까지 차를 주행하게 되면 엔진룸의 열이 헤드램프의 뒷면을 뜨겁게 만듭니다.이때 차가운 물로 세차를 하면 헤드램프 표면과 내부의 온도차에 의해 내부에 습기가 생깁니다.단, 여름이 아닌 다른계절에는 램프가 많이 뜨거워지지 않아 습기 생성이 적어집니다.※ 습기는 유리의 내/외부 온도 차이에 의해 생기는 자연현상 입니다."
빗길을 운행 후 헤드램프에 습기가 차요!,"""헤드램프를 켜고 주행 시 램프 내부의 온도는 상승하나 렌즈 표면은 빗물에 의해 온도가 떨어져램프 내/외부의 온도 차이로 내부에 습기가 생깁니다.""※ 습기는 유리의 내/외부 온도 차이에 의해 생기는 자연현상 입니다."
